createddate,sales,sales_transformed
2021-01-01,104545.67,5.137405172303312
2021-01-02,101959.89,5.133724936999259
2021-01-03,105851.8,5.139224006509768
2021-01-04,77273.75,5.091948002543599
2021-01-05,72252.07,5.081529219243025
2021-01-06,64846.6,5.06451583271631
2021-01-07,62738.67,5.059255287450994
2021-01-08,83903.06,5.104552929698663
2021-01-09,111954.49,5.147388666115346
2021-01-10,111292.89,5.146528911835244
2021-01-11,79064.72,5.0954742288795245
2021-01-12,85090.6,5.106688114330818
2021-01-13,71440.96,5.079767250781743
2021-01-14,70779.62,5.078313273606506
2021-01-15,76126.53,5.089638793818668
2021-01-16,111911.79,5.147333356186217
2021-01-17,128828.55,5.167507479060871
2021-01-18,87995.45,5.111767785441911
2021-01-19,69453.19,5.075348730796883
2021-01-20,59652.01,5.051168415656382
2021-01-21,65312.96,5.065652757425041
2021-01-22,80798.9,5.0988009871106845
2021-01-23,106609.21,5.140266780549949
2021-01-24,121352.77,5.158997832730079
2021-01-25,80433.09,5.09810620978261
2021-01-26,77820.15,5.09303382434873
2021-01-27,71308.83,5.079478016699085
2021-01-28,74162.47,5.085589592522428
2021-01-29,78946.49,5.095244330517615
2021-01-30,123032.3,5.160961913276968
2021-01-31,144098.99,5.183227253842058
2021-02-01,91769.21,5.118082327017971
2021-02-02,94560.79,5.122561645340464
2021-02-03,86879.29,5.109839427728318
2021-02-04,85973.0,5.108252281223841
2021-02-05,101017.63,5.132356713767659
2021-02-06,138561.5,5.177761384644384
2021-02-07,170634.43,5.206399863187909
2021-02-08,115480.84,5.151873375630052
2021-02-09,129804.29,5.168575556853761
2021-02-10,132119.62,5.171072966083142
2021-02-11,89811.88,5.114845789202907
2021-02-12,70888.79,5.0785543764398575
2021-02-13,107344.72,5.141271168360709
2021-02-14,37570.65,4.973820856047937
2021-02-15,37570.65,4.973820856047937
2021-02-16,86305.98,5.1088376723663735
2021-02-17,86305.98,5.1088376723663735
2021-02-18,74415.98,5.08611922689906
2021-02-19,84763.67,5.106103780389771
2021-02-20,104103.2,5.136782999760703
2021-02-21,132650.36,5.171638256789507
2021-02-22,80526.17,5.098283344193145
2021-02-23,81148.59,5.099461727351947
2021-02-24,90776.08,5.116450309411338
2021-02-25,71091.66,5.079001268716701
2021-02-26,71783.73,5.080514679396538
2021-02-27,111223.79,5.146438772238434
2021-02-28,130566.34,5.169403231763437
2021-03-01,75035.37,5.087404458130227
2021-03-02,73497.14,5.084189479895634
2021-03-03,70677.32,5.07808694932594
2021-03-04,61679.67,5.056534069995831
2021-03-05,71368.83,5.079609434779527
2021-03-06,99762.32,5.130510621994762
2021-03-07,116956.75,5.153703220653111
2021-03-08,76614.84,5.09062662730333
2021-03-09,74081.51,5.085420005573171
2021-03-10,64261.61,5.06307614753314
2021-03-11,70667.09,5.078064295889832
2021-03-12,74306.74,5.085891260510747
2021-03-13,98740.71,5.128988108708804
2021-03-14,115902.31,5.152398687205598
2021-03-15,80029.91,5.097336174803325
2021-03-16,70654.7,5.078036854202461
2021-03-17,68920.37,5.074139248197086
2021-03-18,69713.6,5.075935922402758
2021-03-19,82613.85,5.102194679166473
2021-03-20,104614.12,5.137501147954743
2021-03-21,126149.41,5.1645256035671245
2021-03-22,69307.26,5.0750185535236545
2021-03-23,81011.22,5.099202563038039
2021-03-24,66855.2,5.069346183516868
2021-03-25,69951.4,5.076469901370898
2021-03-26,77778.43,5.092951231083212
2021-03-27,109424.14,5.1440678960469555
2021-03-28,123397.4,5.161384733462486
2021-03-29,74951.09,5.087230306124888
2021-03-30,72052.22,5.081097235614383
2021-03-31,63196.03,5.0604140107352595
2021-04-01,65469.46,5.066032164112735
2021-04-02,77873.37,5.093139109301029
2021-04-03,110023.62,5.14486267597027
2021-04-04,143528.07,5.182675137115837
2021-04-05,71185.23,5.0792068885857375
2021-04-06,74104.84,5.085468897092324
2021-04-07,68106.74,5.072271140959728
2021-04-08,63368.66,5.060848829850936
2021-04-09,72309.9,5.081653961181564
2021-04-10,100851.11,5.132113368554587
2021-04-11,128365.44,5.166997237029679
2021-04-12,69132.44,5.074621941574031
2021-04-13,74201.64,5.085671564466265
2021-04-14,70110.29,5.076825509916414
2021-04-15,66643.38,5.068844825868903
2021-04-16,76946.08,5.091292543876231
2021-04-17,105161.82,5.138266465918279
2021-04-18,118223.56,5.155252476018493
2021-04-19,76644.96,5.0906873184328365
2021-04-20,76407.89,5.090208873902147
2021-04-21,68473.23,5.073115811058004
2021-04-22,71921.63,5.080814204708631
2021-04-23,71066.29,5.078945463810055
2021-04-24,101043.11,5.132393907885323
2021-04-25,125223.12,5.163477424369578
2021-04-26,72879.73,5.082876924177034
2021-04-27,79066.37,5.095477434469369
2021-04-28,66481.33,5.068460012801455
2021-04-29,65988.21,5.067282259825861
2021-04-30,76220.92,5.0898303164467436
2021-05-01,106549.98,5.140185546686685
2021-05-02,119435.62,5.156716759186057
2021-05-03,71364.3,5.079599517211533
2021-05-04,76778.36,5.090955782498982
2021-05-05,71444.78,5.079775603525505
2021-05-06,71887.1,5.0807392668071385
2021-05-07,69153.55,5.074669895617473
2021-05-08,101475.05,5.133022767830551
2021-05-09,123606.5,5.161626234491423
2021-05-10,77923.87,5.093238935732488
2021-05-11,79781.66,5.096859787513651
2021-05-12,71555.25,5.080016930206283
2021-05-13,77704.33,5.092804407547302
2021-05-14,85277.07,5.107020227745393
2021-05-15,101763.48,5.133440956493871
2021-05-16,118516.84,5.155608386328347
2021-05-17,84620.34,5.105846772204937
2021-05-18,81252.58,5.099657576462864
2021-05-19,73190.59,5.083539397232181
2021-05-20,69767.78,5.07605777002397
2021-05-21,76186.2,5.089759899782832
2021-05-22,102881.26,5.135048642722481
2021-05-23,122466.8,5.160304114383142
2021-05-24,76173.83,5.089734802776496
2021-05-25,79236.61,5.09580775504903
2021-05-26,70375.93,5.077417939618014
2021-05-27,73194.55,5.083547815202899
2021-05-28,80789.54,5.0987832555652055
2021-05-29,99440.26,5.130032623223847
2021-05-30,144375.24,5.183493490550567
2021-05-31,127880.17,5.16646027143574
2021-06-01,87045.53,5.110128461001873
2021-06-02,75738.08,5.088847681831956
2021-06-03,68479.88,5.073131088956385
2021-06-04,88899.58,5.113309032183441
2021-06-05,103837.93,5.136408513943768
2021-06-06,130743.97,5.169595349173401
2021-06-07,75828.47,5.0890321906101015
2021-06-08,89416.91,5.114182712348479
2021-06-09,87861.9,5.1115385614663955
2021-06-10,77478.46,5.092355853927833
2021-06-11,81297.68,5.099742424499325
2021-06-12,107173.95,5.141038687398611
2021-06-13,134496.57,5.173584302076458
2021-06-14,79857.94,5.097006351223697
2021-06-15,75879.14,5.0891355087068835
2021-06-16,71437.11,5.079758831913534
2021-06-17,76958.61,5.091317668224535
2021-06-18,83218.96,5.1033068639357095
2021-06-19,107085.39,5.140917954414982
2021-06-20,132660.51,5.171649041830784
2021-06-21,79469.77,5.096258820286983
2021-06-22,77817.61,5.09302879737592
2021-06-23,77996.22,5.093381823004803
2021-06-24,70625.82,5.077972868253418
2021-06-25,86347.45,5.108910393696999
2021-06-26,104664.04,5.137571096012204
2021-06-27,136646.5,5.175811606068912
2021-06-28,76509.88,5.090414917625909
2021-06-29,77187.37,5.091775526285401
2021-06-30,68640.52,5.073499623057305
2021-07-01,70594.78,5.077904062623482
2021-07-02,90124.64,5.115368443811727
2021-07-03,110791.04,5.145872769169785
2021-07-04,153751.79,5.192193521077336
2021-07-05,114394.69,5.150509250701126
2021-07-06,80873.6,5.098942412700349
2021-07-07,67908.81,5.071812753347553
2021-07-08,74602.75,5.086508083483269
2021-07-09,84034.27,5.1047905703373155
2021-07-10,115103.85,5.1514016052760185
2021-07-11,140163.58,5.179368573195144
2021-07-12,86820.72,5.109737441292687
2021-07-13,90084.5,5.115301484081874
2021-07-14,74978.72,5.0872874245339865
2021-07-15,74505.79,5.0863063538906
2021-07-16,84361.66,5.105381640028512
2021-07-17,107971.57,5.1421208600251145
2021-07-18,130969.36,5.169838684200714
2021-07-19,84819.91,5.106204487172181
2021-07-20,91279.57,5.11728028592597
2021-07-21,77435.72,5.0922708052988375
2021-07-22,70264.56,5.07716988048833
2021-07-23,84809.57,5.106185977579006
2021-07-24,106027.88,5.139467201485075
2021-07-25,154958.08,5.19326772255539
2021-07-26,88164.43,5.112057240431113
2021-07-27,85964.22,5.108236809900181
2021-07-28,77419.99,5.092239490278966
2021-07-29,74889.29,5.087102460495663
2021-07-30,80614.55,5.098451313503193
2021-07-31,111500.98,5.146799967471155
2021-08-01,128677.62,5.167341423745594
2021-08-02,92330.76,5.118996037460578
2021-08-03,89738.86,5.114723459524234
2021-08-04,83398.79,5.103635572544176
2021-08-05,79870.28,5.0970300458480775
2021-08-06,82879.6,5.102684290374046
2021-08-07,111473.28,5.146763919820584
2021-08-08,138484.11,5.177683199864021
2021-08-09,82936.14,5.102788222099341
2021-08-10,89292.24,5.1139727065140095
2021-08-11,78960.33,5.095271263153647
2021-08-12,78239.22,5.093860605709442
2021-08-13,97068.0,5.126455161672598
2021-08-14,113644.0,5.149557581914201
2021-08-15,150261.66,5.189029345773565
2021-08-16,89368.01,5.114100381325773
2021-08-17,86980.43,5.110015351589781
2021-08-18,83884.53,5.104519334219136
2021-08-19,85700.58,5.107771387022284
2021-08-20,94751.0,5.122861226276117
2021-08-21,111084.77,5.146257225357767
2021-08-22,151338.06,5.1900142811938075
2021-08-23,134081.56,5.173149575483187
2021-08-24,83887.59,5.104524882692999
2021-08-25,78902.89,5.095159448923543
2021-08-26,75127.89,5.087595374412903
2021-08-27,86323.02,5.108867558451368
2021-08-28,112663.48,5.148303452127966
2021-08-29,141936.15,5.18112201923393
2021-08-30,84592.22,5.105796290046641
2021-08-31,82657.2,5.102274671387243
2021-09-01,76638.72,5.090674747256096
2021-09-02,76370.25,5.090132751237647
2021-09-03,89544.58,5.114397418098794
2021-09-04,122182.53,5.159972107685293
2021-09-05,152860.55,5.191393539198623
2021-09-06,141623.98,5.180815075912929
2021-09-07,86299.27,5.108825901955192
2021-09-08,68888.94,5.074067562896919
2021-09-09,70054.68,5.076701157276022
2021-09-10,69253.81,5.074897416101159
2021-09-11,103166.79,5.135456051784104
2021-09-12,134154.74,5.173226346023516
2021-09-13,89458.87,5.114253316919466
2021-09-14,87735.13,5.111320598428286
2021-09-15,75921.75,5.089222329895596
2021-09-16,75659.4,5.088686866957543
2021-09-17,82376.36,5.101755576934036
2021-09-18,121179.36,5.158793239357349
2021-09-19,147128.87,5.186115268975732
2021-09-20,90838.75,5.116553909710953
2021-09-21,95389.52,5.12386179076915
2021-09-22,74729.83,5.086772016611641
2021-09-23,74317.44,5.085913606957085
2021-09-24,80326.72,5.0979034911500385
2021-09-25,106809.93,5.140541676882328
2021-09-26,137841.59,5.177032107364574
2021-09-27,88615.89,5.1128274084761385
2021-09-28,80754.97,5.098717745530661
2021-09-29,71319.24,5.079500826979132
2021-09-30,66443.43,5.068369855489949
2021-10-01,82402.1,5.101803239658671
2021-10-02,108964.18,5.143454638982151
2021-10-03,133458.71,5.172494181484823
2021-10-04,87012.85,5.110071692759452
2021-10-05,86838.71,5.109768775352035
2021-10-06,79604.21,5.096518203516272
2021-10-07,69360.13,5.075138269326872
2021-10-08,82840.66,5.102612662845366
2021-10-09,104980.56,5.138013701372745
2021-10-10,131242.74,5.170133175556164
2021-10-11,93470.03,5.120830018110885
2021-10-12,87688.62,5.111240538975471
2021-10-13,72711.67,5.0825173981624125
2021-10-14,70978.2,5.078751516860777
2021-10-15,81380.45,5.0998979995725255
2021-10-16,118753.49,5.155894825345406
2021-10-17,145988.53,5.185036530548053
2021-10-18,96085.33,5.12494327468217
2021-10-19,94938.42,5.123155727803448
2021-10-20,76240.75,5.08987051747906
2021-10-21,75826.5,5.089028172077894
2021-10-22,77323.12,5.092046479432738
2021-10-23,111503.12,5.146802751945342
2021-10-24,136170.19,5.175321694604142
2021-10-25,84269.29,5.105215146529079
2021-10-26,94338.25,5.122210251337265
2021-10-27,69495.62,5.075444579987477
2021-10-28,72933.96,5.08299273061685
2021-10-29,85040.58,5.106598881553986
2021-10-30,115167.37,5.151481221169643
2021-10-31,141029.66,5.1802285198544755
2021-11-01,80309.69,5.097871006516712
2021-11-02,89653.35,5.11458005783572
2021-11-03,81318.95,5.09978242136841
2021-11-04,79080.05,5.095504008719236
2021-11-05,78074.92,5.093537075779879
2021-11-06,119849.99,5.157213387018801
2021-11-07,142141.31,5.181323315855674
2021-11-08,99668.63,5.130371753880198
2021-11-09,86034.06,5.108359824709682
2021-11-10,79772.52,5.096842215036979
2021-11-11,78098.0,5.093582571468625
2021-11-12,82133.14,5.101304347621021
2021-11-13,116662.7,5.153340810772172
2021-11-14,151261.25,5.189944268978433
2021-11-15,87385.37,5.110717326176741
2021-11-16,90029.43,5.115209562170906
2021-11-17,71995.16,5.080973641723022
2021-11-18,75389.28,5.088133278222348
2021-11-19,84667.3,5.1059310330944
2021-11-20,110791.44,5.14587329352814
2021-11-21,148520.61,5.187418691345934
2021-11-22,86073.11,5.108428555869041
2021-11-23,102545.58,5.134567987477824
2021-11-24,120771.38,5.158310545038751
2021-11-25,130294.87,5.16910903120486
2021-11-26,93846.69,5.121430633254463
2021-11-27,93026.87,5.120119739116263
2021-11-28,121267.97,5.158897826234038
2021-11-29,75649.99,5.088667620704495
2021-11-30,87581.7,5.111056305554407
2021-12-01,71156.92,5.079144710691914
2021-12-02,72400.56,5.081849284964214
2021-12-03,82222.94,5.101471128603514
2021-12-04,103345.23,5.135709992217046
2021-12-05,141968.72,5.181153998554808
2021-12-06,84802.97,5.106174161569077
2021-12-07,95249.5,5.123643048511869
2021-12-08,71923.6,5.080818478788595
2021-12-09,76727.42,5.0908533313016555
2021-12-10,81442.15,5.10001385133666
2021-12-11,109440.34,5.144089440412312
2021-12-12,144194.67,5.18331953303095
2021-12-13,93346.72,5.120632776767617
2021-12-14,94338.66,5.1222108996219164
2021-12-15,73393.1,5.083969203366452
2021-12-16,74757.12,5.086828627094843
2021-12-17,83634.34,5.1040648827557416
2021-12-18,114644.73,5.150824617041925
2021-12-19,155148.93,5.193436780912577
2021-12-20,92233.82,5.1188387677624
2021-12-21,94192.88,5.12198018757008
2021-12-22,92188.63,5.118765388306713
2021-12-23,124670.16,5.162847382081764
2021-12-24,154804.35,5.193131369106507
2021-12-25,138356.07,5.177553732971161
2021-12-26,121604.4,5.1592941064909255
2021-12-27,86398.8,5.109000384068554
2021-12-28,95325.74,5.123762198744525
2021-12-29,93769.42,5.121307649374981
2021-12-30,100881.26,5.132157463197735
2021-12-31,139461.91,5.1786673160912065
2022-01-01,121554.82,5.15923578667867
2022-01-02,124427.86,5.16257027800246
2022-01-03,91057.49,5.116914858560115
2022-01-04,93762.61,5.121296804829209
2022-01-05,78408.63,5.094193369404039
2022-01-06,77283.61,5.0919676758581325
2022-01-07,88220.15,5.112152544430044
2022-01-08,124553.35,5.162713871917446
2022-01-09,167006.28,5.203489340308
2022-01-10,92285.38,5.118922439626702
2022-01-11,98644.78,5.128844200755453
2022-01-12,88775.46,5.113098533111407
2022-01-13,87906.64,5.111615398015885
2022-01-14,95655.91,5.124276919038902
2022-01-15,136263.4,5.175417723410248
2022-01-16,168677.48,5.2048390533236075
2022-01-17,114508.4,5.150652768533814
2022-01-18,107256.2,5.141150713869237
2022-01-19,91649.49,5.117886684700713
2022-01-20,88075.49,5.1119049710135975
2022-01-21,102202.04,5.134074174163349
2022-01-22,140870.11,5.180070563260583
2022-01-23,184584.51,5.216953958745956
2022-01-24,120553.66,5.158052174712088
2022-01-25,133027.67,5.1720385277574294
2022-01-26,109979.69,5.14480460600355
2022-01-27,114079.27,5.150110274443094
2022-01-28,129119.33,5.16782676070462
2022-01-29,156666.94,5.194772885052455
2022-01-30,186342.34,5.2182176165065774
2022-01-31,127606.07,5.16615592051283
2022-02-01,75972.69,5.089326049568291
2022-02-02,127664.58,5.166220951899588
2022-02-03,16809.36,4.824255419856922
2022-02-04,43209.73,4.9978474260103525
2022-02-05,99779.99,5.130536795573169
2022-02-06,121243.84,5.158869354292324
2022-02-07,83248.94,5.103361721437786
2022-02-08,83389.07,5.103617826637163
2022-02-09,77066.0,5.091532804285858
2022-02-10,68577.25,5.073354591632729
2022-02-11,78724.6,5.094811779385123
2022-02-12,114064.54,5.150091610965835
2022-02-13,138527.93,5.177727476142096
2022-02-14,75097.1,5.0875318692802205
2022-02-15,90745.72,5.116400091048723
2022-02-16,68307.11,5.072733599825186
2022-02-17,68703.69,5.073644269818614
2022-02-18,87509.53,5.11093180139229
2022-02-19,117938.43,5.1549054677155075
2022-02-20,144578.54,5.183689042329273
2022-02-21,95022.3,5.123287312716034
2022-02-22,108338.36,5.142615378452981
2022-02-23,101326.85,5.132807356307216
2022-02-24,37487.71,4.973436652278188
2022-02-25,85448.72,5.107325198218043
2022-02-26,111163.76,5.1463604112546415
2022-02-27,147193.38,5.186176002524903
2022-02-28,90390.0,5.1158102322672905
2022-03-01,87844.96,5.111509456773795
2022-03-02,70962.19,5.078716237647466
2022-03-03,68834.51,5.0739433291154485
2022-03-04,80474.54,5.098185120050844
2022-03-05,110163.4,5.145047267922987
2022-03-06,137588.33,5.176774495292569
2022-03-07,83603.7,5.104009118537211
2022-03-08,92730.65,5.1196427658805685
2022-03-09,85624.53,5.1076368200842674
2022-03-10,89733.19,5.114713955773572
2022-03-11,87570.57,5.111037112425624
2022-03-12,119200.2,5.156433709389302
2022-03-13,150445.98,5.189198586325004
2022-03-14,93678.12,5.121162182773301
2022-03-15,103698.45,5.136211160060495
2022-03-16,89376.68,5.114114982497383
2022-03-17,77596.73,5.092590915372042
2022-03-18,91809.67,5.118148378082673
2022-03-19,114246.56,5.15032204033251
2022-03-20,151558.86,5.190215309572775
2022-03-21,75530.45,5.08842288253135
2022-03-22,104760.38,5.137705977994428
2022-03-23,75208.26,5.087760996613687
2022-03-24,81167.11,5.099496628325103
2022-03-25,85982.8,5.10826954772364
2022-03-26,116890.0,5.15362104610084
2022-03-27,143183.94,5.182341102519677
2022-03-28,96398.26,5.125426682470964
2022-03-29,90879.96,5.116621988893421
2022-03-30,75969.17,5.089318885053874
2022-03-31,77779.12,5.092952597499327
2022-04-01,80512.95,5.098258200634075
2022-04-02,113898.58,5.149881138837867
2022-04-03,137627.84,5.176814720626892
2022-04-04,79997.55,5.097274174286973
2022-04-05,86277.85,5.108788320713502
2022-04-06,73936.84,5.085116426438919
2022-04-07,72313.48,5.0816616795802245
2022-04-08,83504.79,5.1038289414435285
2022-04-09,152597.7,5.191156564561781
2022-04-10,143807.47,5.182945654419356
2022-04-11,81633.35,5.100372211400704
2022-04-12,80001.67,5.097282069673209
2022-04-13,73678.72,5.0845730566704885
2022-04-14,74409.19,5.08610506863335
2022-04-15,97615.06,5.127289127519051
2022-04-16,124967.93,5.163187065010666
2022-04-17,182456.3,5.2154051321688515
2022-04-18,89740.58,5.114726342357792
2022-04-19,77331.6,5.092063386861111
2022-04-20,77082.55,5.091565928068857
2022-04-21,70413.13,5.077500694786874
2022-04-22,77620.3,5.092637710785008
2022-04-23,97991.53,5.127859877875225
2022-04-24,130599.13,5.169438719028307
2022-04-25,86898.12,5.109872198893011
2022-04-26,88292.32,5.112275880376336
2022-04-27,71103.07,5.0790263590567735
2022-04-28,66185.5,5.06775468906479
2022-04-29,82251.16,5.101523496318529
2022-04-30,102630.87,5.134690286654558
2022-05-01,130569.32,5.1694064573238565
2022-05-02,91341.02,5.117381217343781
2022-05-03,88462.64,5.112566485655543
2022-05-04,69317.81,5.0750424508431475
2022-05-05,66385.11,5.068231005452164
2022-05-06,77987.14,5.093363898987329
2022-05-07,105023.97,5.138074282333997
2022-05-08,127386.03,5.165911043736452
2022-05-09,86041.58,5.108373063345949
2022-05-10,91112.89,5.117006115160878
2022-05-11,77043.98,5.091488719779587
2022-05-12,87772.28,5.111384510608031
2022-05-13,80337.68,5.0979243930439155
2022-05-14,102774.4,5.134895830124379
2022-05-15,135780.96,5.174919863735825
2022-05-16,94503.88,5.122471875437665
2022-05-17,82779.99,5.102500986157604
2022-05-18,79214.99,5.0957658511659325
2022-05-19,71196.7,5.079232072198771
2022-05-20,78632.54,5.0946319006622725
2022-05-21,108745.52,5.143162043676227
2022-05-22,141544.1,5.180736406564749
2022-05-23,90288.42,5.115641294208569
2022-05-24,82499.74,5.101983881809691
2022-05-25,77969.9,5.093329860344641
2022-05-26,71133.39,5.0790930092642546
2022-05-27,80599.59,5.098422896597299
2022-05-28,102038.99,5.13383912404803
2022-05-29,146692.62,5.185703740554544
2022-05-30,125808.67,5.164141072696676
2022-05-31,90902.05,5.116658466895672
2022-06-01,74859.42,5.087040624332888
2022-06-02,73532.61,5.084264494915413
2022-06-03,72359.16,5.081760125523982
2022-06-04,105494.15,5.138728578538142
2022-06-05,132434.3,5.171408450323998
2022-06-06,86418.3,5.109034541289489
2022-06-07,83690.0,5.104166121979721
2022-06-08,81750.02,5.100590401762907
2022-06-09,65826.79,5.0668944978685975
2022-06-10,79506.87,5.096330450652629
2022-06-11,110873.56,5.145980897573818
2022-06-12,139088.37,5.178292315684311
2022-06-13,86682.46,5.109496374142605
2022-06-14,88500.31,5.11263067127436
2022-06-15,75259.83,5.08786716064842
2022-06-16,72560.87,5.082193970163228
2022-06-17,82904.95,5.102730898919372
2022-06-18,106653.77,5.140327859845817
2022-06-19,131021.65,5.16989506762568
2022-06-20,78187.34,5.0937585323067065
2022-06-21,85936.27,5.1081875466603055
2022-06-22,79883.46,5.097055348682408
2022-06-23,75060.56,5.087456465222599
2022-06-24,81626.14,5.100358715692819
2022-06-25,106329.36,5.139882502641032
2022-06-26,137602.96,5.176789391741087
2022-06-27,77993.46,5.093376374992586
2022-06-28,82600.15,5.10216938886221
2022-06-29,68379.34,5.072899920665441
2022-06-30,70267.45,5.0771763233009635
2022-07-01,80828.59,5.098857215879337
2022-07-02,108320.19,5.142590927046268
2022-07-03,147300.53,5.186276811343416
2022-07-04,123285.39,5.1612551706225815
2022-07-05,88063.78,5.111884909591497
2022-07-06,78873.1,5.095101421532071
2022-07-07,66360.6,5.068172608837306
2022-07-08,72904.16,5.082929106098101
2022-07-09,98733.41,5.128977163455377
2022-07-10,130801.71,5.16965773287731
2022-07-11,83407.41,5.1036513081518065
2022-07-12,91374.53,5.117436224048743
2022-07-13,71391.79,5.079659690018738
2022-07-14,70211.32,5.077051134745855
2022-07-15,81312.22,5.099769767355055
2022-07-16,108941.64,5.143424509217918
2022-07-17,146249.16,5.185283945406955
2022-07-18,82434.98,5.101864098264936
2022-07-19,82390.95,5.101782595349852
2022-07-20,65727.65,5.0666557944365245
2022-07-21,70299.35,5.077247418945272
2022-07-22,77595.87,5.0925892076315975
2022-07-23,113939.53,5.1499331052549095
2022-07-24,128580.44,5.1672343846928435
2022-07-25,76989.35,5.091379285890128
2022-07-26,77586.77,5.092571136002326
2022-07-27,76027.58,5.089437721159483
2022-07-28,70852.03,5.078473240060018
2022-07-29,77751.22,5.092897335488185
2022-07-30,105075.94,5.138146770837544
2022-07-31,140284.74,5.179489247404454
2022-08-01,80705.81,5.0986245311563065
2022-08-02,84123.97,5.1049527813807325
2022-08-03,79115.09,5.095572051652827
2022-08-04,69084.06,5.0745119758259865
2022-08-05,74350.01,5.085981604784599
2022-08-06,109077.72,5.143606300219543
2022-08-07,144125.84,5.1832531567068525
2022-08-08,87632.54,5.111143940439542
2022-08-09,83765.63,5.104303558613266
2022-08-10,77330.0,5.092060196945769
2022-08-11,81032.8,5.099243310105846
2022-08-12,77464.34,5.092327762492513
2022-08-13,115222.76,5.151550605147711
2022-08-14,142481.44,5.18165629553228
2022-08-15,79021.86,5.0953909339129915
2022-08-16,95302.24,5.123725484067576
2022-08-17,71066.8,5.07894658585605
2022-08-18,74641.78,5.086589200846267
2022-08-19,85675.98,5.1077278737079
2022-08-20,115959.0,5.152469174474674
2022-08-21,140857.15,5.180057723530188
2022-08-22,79324.9,5.095978740431377
2022-08-23,84066.72,5.104849275335246
2022-08-24,70932.22,5.078650171590237
2022-08-25,68003.24,5.072031638575035
2022-08-26,79161.61,5.095662332912949
2022-08-27,103235.26,5.135553552904475
2022-08-28,134406.71,5.173490305743916
2022-08-29,78297.44,5.093975059058782
2022-08-30,77320.21,5.092040676974923
2022-08-31,67198.66,5.070155196463385
2022-09-01,66400.65,5.068268017456275
2022-09-02,89467.11,5.114267177532361
2022-09-03,118051.87,5.155043643283228
2022-09-04,151663.56,5.1903105148396556
2022-09-05,92370.38,5.119060259174777
2022-09-06,84323.58,5.105313028007136
2022-09-07,69159.79,5.0746840673005975
2022-09-08,65006.02,5.0649055474437095
2022-09-09,83418.17,5.1036709476184
2022-09-10,107547.97,5.1415473051072285
2022-09-11,139655.55,5.178861252483861
2022-09-12,78395.7,5.094168001208955
2022-09-13,79957.69,5.09719776384784
2022-09-14,73438.76,5.084065920859574
2022-09-15,70868.52,5.078509642726645
2022-09-16,79099.43,5.095541646398206
2022-09-17,105279.81,5.1384307284974495
2022-09-18,137154.53,5.176331953455457
2022-09-19,78792.5,5.094944294074015
2022-09-20,89009.82,5.1134957045526415
2022-09-21,68363.26,5.072862911690692
2022-09-22,64425.42,5.06348082669993
2022-09-23,77217.7,5.091836112286371
2022-09-24,102412.9,5.134377498774798
2022-09-25,134615.54,5.173708635768039
2022-09-26,87507.01,5.110927451848038
2022-09-27,79503.46,5.096323868464112
2022-09-28,70332.09,5.077320347592131
2022-09-29,64131.67,5.062754284920191
2022-09-30,81107.52,5.099384297714684
2022-10-01,105910.61,5.1393052850717185
2022-10-02,131838.35,5.170772311066528
2022-10-03,81536.88,5.100191523235245
2022-10-04,78342.47,5.094063514451202
2022-10-05,70335.09,5.077327028139335
2022-10-06,73805.79,5.08484082932441
2022-10-07,75342.02,5.088036185007752
2022-10-08,109813.07,5.1445841090940965
2022-10-09,138772.75,5.177974545193277
2022-10-10,84363.67,5.105385260615424
2022-10-11,84582.47,5.105778781884397
2022-10-12,81142.0,5.09944930624453
2022-10-13,72195.78,5.081407687286348
2022-10-14,83534.99,5.103883980950318
2022-10-15,112096.7,5.147572695552063
2022-10-16,141088.15,5.180286373531172
2022-10-17,81133.71,5.099433679235276
2022-10-18,90295.57,5.11565319264864
2022-10-19,77252.94,5.0919064714651405
2022-10-20,70413.38,5.077501250764726
2022-10-21,83407.63,5.103651709731824
2022-10-22,106648.03,5.140319993581285
2022-10-23,143570.98,5.1827167228126525
2022-10-24,74208.65,5.085686229128322
2022-10-25,84802.97,5.106174161569077
2022-10-26,74247.86,5.085768225228964
2022-10-27,78755.32,5.094871749514119
2022-10-28,72264.88,5.081556861031447
2022-10-29,117531.11,5.154408051358667
2022-10-30,146042.13,5.18508745483127
2022-10-31,82844.67,5.102620040785696
2022-11-01,85011.27,5.106546565771273
2022-11-02,75976.88,5.089334577278293
2022-11-03,72578.63,5.082232101588816
2022-11-04,67768.62,5.071487142699564
2022-11-05,110326.07,5.14526174459285
2022-11-06,154573.14,5.192925995842895
2022-11-07,80943.16,5.09907397009867
2022-11-08,90608.04,5.1161721089348395
2022-11-09,71934.06,5.0808411703479965
2022-11-10,81034.68,5.099246859297518
2022-11-11,84362.16,5.105382540681422
2022-11-12,120398.21,5.157867367597683
2022-11-13,142967.81,5.182130833934496
2022-11-14,79569.95,5.096452152152458
2022-11-15,93029.07,5.120123274926217
2022-11-16,83529.04,5.103873138909591
2022-11-17,72418.96,5.081888892300826
2022-11-18,88045.23,5.111853123601195
2022-11-19,109702.89,5.144438087772772
2022-11-20,152102.37,5.190708699225729
2022-11-21,86514.48,5.109202883824255
2022-11-22,99004.17,5.129382497051288
2022-11-23,116737.91,5.153433606670813
2022-11-24,114192.07,5.15025310329542
2022-11-25,99196.96,5.129670320784821
2022-11-26,89696.02,5.114651636060685
2022-11-27,115630.61,5.152060301594099
2022-11-28,76171.51,5.089730095290515
2022-11-29,83747.82,5.104271206887054
2022-11-30,71024.2,5.078852829635467
2022-12-01,70395.22,5.077460858543053
2022-12-02,81489.1,5.100101939031903
2022-12-03,103412.47,5.135805549787791
2022-12-04,144453.83,5.183569123358356
2022-12-05,80800.4,5.098803828481825
2022-12-06,83705.11,5.104193591805167
2022-12-07,80608.22,5.098439290255479
2022-12-08,68745.64,5.073740241326103
2022-12-09,78129.79,5.09364521079393
2022-12-10,96920.8,5.1262298264933985
2022-12-11,155404.66,5.193662931349567
2022-12-12,84649.67,5.105899405765389
2022-12-13,80860.72,5.098918038543055
2022-12-14,83477.32,5.1037788571993845
2022-12-15,75008.56,5.0873490840274
2022-12-16,87543.73,5.110990816483533
2022-12-17,115942.22,5.152448314728956
2022-12-18,152164.04,5.190764552363807
2022-12-19,107149.91,5.141005925408098
2022-12-20,108024.11,5.142191816301506
2022-12-21,120538.46,5.158034116415571
2022-12-22,113828.62,5.149792307691075
2022-12-23,113348.98,5.1491815690878555
2022-12-24,147099.58,5.186087683377325
2022-12-25,146023.06,5.185069339305419
2022-12-26,109439.67,5.144088549453642
2022-12-27,88623.07,5.11283962020848
2022-12-28,82936.57,5.10278901220796
2022-12-29,87659.72,5.11119076734569
2022-12-30,114471.5,5.15060621382391
2022-12-31,133941.03,5.173002013350557
2023-01-01,134874.08,5.173978390652584
2023-01-02,114283.09,5.150368234136457
2023-01-03,96726.22,5.125931348362409
2023-01-04,77947.45,5.09328552192395
2023-01-05,74127.32,5.085515990331804
2023-01-06,85804.42,5.107954902369649
2023-01-07,120353.47,5.157814126769229
2023-01-08,159163.5,5.196937776651668
2023-01-09,91848.57,5.118211850445247
2023-01-10,101439.9,5.132971709837782
2023-01-11,83942.95,5.104625222186555
2023-01-12,89882.52,5.114964021371452
2023-01-13,106527.84,5.140155168185769
2023-01-14,139743.42,5.178949153577472
2023-01-15,195231.41,5.224401657442926
2023-01-16,133321.54,5.172349365035274
2023-01-17,135015.6,5.174125794230888
2023-01-18,136818.65,5.175988182253224
2023-01-19,143106.12,5.182265435652785
2023-01-20,145754.69,5.184814108535052
2023-01-21,124440.97,5.16258528722504
2023-01-22,78085.65,5.093558228888928
2023-01-23,65873.53,5.067006890310114
2023-01-24,54822.13,5.037481601490258
2023-01-25,65437.28,5.065954235804426
2023-01-26,74531.43,5.086359728811403
2023-01-27,75303.37,5.087956727784919
2023-01-28,103934.94,5.1365455937371545
2023-01-29,139626.84,5.178832518345195
2023-01-30,104061.57,5.136724303696341
2023-01-31,20650.08,4.864445255764563
2023-02-01,29816.24,4.932858677778536
2023-02-02,56012.42,5.040981675666036
2023-02-03,88632.17,5.1128550958160925
2023-02-04,123045.56,5.160977295198097
2023-02-05,136892.35,5.1760636979860175
2023-02-06,83830.24,5.104420854880306
2023-02-07,82794.21,5.1025271698058114
2023-02-08,70038.34,5.07666459660373
2023-02-09,73318.21,5.083810418561056
2023-02-10,80564.39,5.098356009020607
2023-02-11,109191.5,5.143758097477384
2023-02-12,140146.66,5.179351711356511
2023-02-13,72167.47,5.081346523299768
2023-02-14,71089.94,5.07899748606709
2023-02-15,75382.27,5.0881188810253395
2023-02-16,75562.94,5.08848944505163
2023-02-17,81332.95,5.099808740812485
2023-02-18,112736.06,5.148396720729075
2023-02-19,147000.38,5.1859942082775135
2023-02-20,82452.86,5.1018971810280584
2023-02-21,77379.24,5.0921583313445264
2023-02-22,66558.46,5.068643306297193
2023-02-23,69737.53,5.075989753170692
2023-02-24,74927.05,5.087180589202035
2023-02-25,107145.38,5.1409997509118615
2023-02-26,134738.72,5.17383723432031
2023-02-27,76641.39,5.090680126415308
2023-02-28,75416.96,5.0881901123911195
2023-03-01,70371.3,5.077407636144543
2023-03-02,52274.46,5.029682861012197
2023-03-03,79344.62,5.096016900527965
2023-03-04,107813.22,5.141906761533353
2023-03-05,133964.48,5.173026649336541
2023-03-06,78927.77,5.095207892641609
2023-03-07,78234.44,5.093851204406706
2023-03-08,70619.91,5.077959770415135
2023-03-09,68961.52,5.074233045191067
2023-03-10,85439.95,5.10730963388683
2023-03-11,103911.98,5.136513163634568
2023-03-12,142234.89,5.181415021162457
2023-03-13,85707.45,5.107783536309601
2023-03-14,91024.01,5.116859677872473
2023-03-15,80515.31,5.098262689549802
2023-03-16,70788.43,5.078332746643846
2023-03-17,87070.26,5.110171402827466
2023-03-18,117285.51,5.154107153876143
2023-03-19,136305.63,5.1754612052965
2023-03-20,80953.25,5.099093042159309
2023-03-21,72396.96,5.081841534329769
2023-03-22,83815.96,5.104394939322004
2023-03-23,64784.05,5.064362619040261
2023-03-24,78967.15,5.095284532847086
2023-03-25,106365.52,5.139932222297681
2023-03-26,134693.36,5.173789894936761
2023-03-27,77295.62,5.09199163503936
2023-03-28,76168.65,5.089724291866489
2023-03-29,74281.56,5.085838658457516
2023-03-30,69339.01,5.075090459175091
2023-03-31,82372.54,5.101748501965064
2023-04-01,107295.15,5.141203729755175
2023-04-02,134290.22,5.173368344476629
2023-04-03,83815.05,5.104393287665844
2023-04-04,74266.12,5.08580639337891
2023-04-05,77802.16,5.092998215801054
2023-04-06,71483.82,5.079860937845338
2023-04-07,89084.64,5.1136222457635805
2023-04-08,114064.03,5.150090964725857
2023-04-09,161793.28,5.1991757779476435
2023-04-10,83672.2,5.104133754341345
2023-04-11,81806.61,5.100696102794185
2023-04-12,80823.71,5.098847975485979
2023-04-13,69242.47,5.074871701457687
2023-04-14,76114.78,5.089614933026513
2023-04-15,109720.42,5.1444613316819705
2023-04-16,140103.77,5.179308958150291
2023-04-17,84580.76,5.105775710979522
2023-04-18,83109.22,5.103105864578688
2023-04-19,75961.3,5.089302865264738
2023-04-20,66751.57,5.069101133029652
2023-04-21,78579.18,5.094527526540037
2023-04-22,103753.02,5.13628840941562
2023-04-23,136034.33,5.1751815886283925
2023-04-24,79687.31,5.09667827804683
2023-04-25,82527.87,5.102035878403021
2023-04-26,69845.68,5.0762327692821465
2023-04-27,74354.63,5.085991247349585
2023-04-28,79091.76,5.095526751863774
2023-04-29,110894.04,5.146007718590374
2023-04-30,135074.6,5.174187193902886
2023-05-01,79128.06,5.095597228725188
2023-05-02,72795.28,5.082696383659684
2023-05-03,79089.17,5.095521721907845
2023-05-04,63886.5,5.062144920310521
2023-05-05,73128.72,5.083407808055424
2023-05-06,103500.01,5.135929848026325
2023-05-07,144733.98,5.183838341978546
2023-05-08,79976.73,5.09723426850373
2023-05-09,82438.62,5.1018708339128995
2023-05-10,64237.28,5.063015939671605
2023-05-11,75351.23,5.088055112044875
2023-05-12,76583.03,5.090562500645447
2023-05-13,108479.68,5.142805389985541
2023-05-14,122963.64,5.160882235081422
2023-05-15,78710.4,5.094784049594673
2023-05-16,84447.86,5.105536820689572
2023-05-17,78611.92,5.094591576978306
2023-05-18,70575.46,5.077861218623693
2023-05-19,73264.43,5.083696275310261
2023-05-20,121476.29,5.159143356861942
2023-05-21,134831.45,5.173933952994902
2023-05-22,81433.55,5.099997709580567
2023-05-23,80823.52,5.0988476157034075
2023-05-24,72284.48,5.081599143420666
2023-05-25,71076.48,5.078967880948764
2023-05-26,79258.61,5.095850381763932
2023-05-27,108354.44,5.14263701335408
2023-05-28,140017.34,5.179222757426096
2023-05-29,121157.19,5.1587670580347496
2023-05-30,88920.88,5.11334512108047
2023-05-31,123527.75,5.161535337770663
2023-06-01,73874.07,5.084984492763301
2023-06-02,75948.31,5.089276419218507
2023-06-03,103799.84,5.136354650107579
2023-06-04,126310.17,5.164706603669336
2023-06-05,79502.03,5.09632110809353
2023-06-06,78525.99,5.094423402656788
2023-06-07,71423.9,5.079729941332676
2023-06-08,69507.44,5.075471269164958
2023-06-09,79646.71,5.096600095087142
2023-06-10,108489.79,5.142818972301546
2023-06-11,135215.16,5.174333344899455
2023-06-12,82317.26,5.101646075794492
2023-06-13,83639.15,5.104073634700964
2023-06-14,74430.17,5.086148810517579
2023-06-15,74751.74,5.086817468709006
2023-06-16,87398.24,5.110739574445585
2023-06-17,104008.72,5.136649748576028
2023-06-18,133149.86,5.172167869843366
2023-06-19,83057.71,5.103011412306482
2023-06-20,83388.42,5.103616639839231
2023-06-21,71058.34,5.078927971878971
2023-06-22,71310.87,5.079482487031048
2023-06-23,73732.54,5.084686536418863
2023-06-24,98766.88,5.129027338939199
2023-06-25,129026.2,5.167724593640973
2023-06-26,76913.85,5.091227896432917
2023-06-27,78946.2,5.095243766118808
2023-06-28,76293.94,5.089978288502555
2023-06-29,66153.13,5.067677288792422
2023-06-30,88767.17,5.113084461610783
2023-07-01,101375.4,5.132877965099134
2023-07-02,130707.62,5.169556059265833
2023-07-03,100948.1,5.13225516251875
2023-07-04,129568.81,5.168318651647369
2023-07-05,80636.96,5.098493870372783
2023-07-06,66568.34,5.068666767458198
2023-07-07,81148.04,5.09946069073395
2023-07-08,105695.14,5.139007236796621
2023-07-09,143683.51,5.182825711066401
2023-07-10,82692.46,5.1023396993474845
2023-07-11,85142.75,5.106781081796901
2023-07-12,72031.04,5.08105137234179
2023-07-13,69627.59,5.075742264017365
2023-07-14,78565.07,5.094499913043616
2023-07-15,114151.95,5.1502023216799095
2023-07-16,133914.11,5.172973725667143
2023-07-17,83306.21,5.10346645026337
2023-07-18,81008.15,5.099196765276646
2023-07-19,68641.57,5.073502028617376
2023-07-20,74027.41,5.0853065617725886
2023-07-21,79391.2,5.096106993410581
2023-07-22,114890.91,5.151134332294227
2023-07-23,126801.74,5.165258401416156
2023-07-24,80782.29,5.0987695195485765
2023-07-25,82747.27,5.10244071806385
2023-07-26,73702.28,5.084622744943962
2023-07-27,81660.51,5.100423037124246
2023-07-28,82239.49,5.101501842898018
2023-07-29,103785.53,5.136334408091871
2023-07-30,143265.65,5.182420500163485
2023-07-31,84831.95,5.106226036613242
2023-08-01,73711.94,5.084643112625905
2023-08-02,69950.43,5.076467727541423
2023-08-03,74330.11,5.085940062804677
2023-08-04,72742.39,5.082583188921051
2023-08-05,114614.61,5.150786670293744
2023-08-06,142512.79,5.181686939819568
2023-08-07,85243.24,5.10696003755744
2023-08-08,85929.41,5.108175452719653
2023-08-09,76766.75,5.090932439289865
2023-08-10,68203.79,5.072495332575998
2023-08-11,82509.55,5.102002017345223
2023-08-12,112779.67,5.148452727893082
2023-08-13,139365.73,5.178570872122949
2023-08-14,84283.45,5.105240683211356
2023-08-15,94965.91,5.123198867068323
2023-08-16,69856.18,5.0762563397081895
2023-08-17,75100.08,5.087538016930533
2023-08-18,79695.75,5.0966945250274325
2023-08-19,115611.73,5.152036753271535
2023-08-20,141261.96,5.180458127717151
2023-08-21,93250.31,5.1204783517405605
2023-08-22,81923.01,5.100913251488061
2023-08-23,76162.85,5.089712521904675
2023-08-24,68719.54,5.073680538835051
2023-08-25,73565.97,5.084335009029783
2023-08-26,108140.23,5.142348495926513
2023-08-27,135026.03,5.174136650720446
2023-08-28,83347.34,5.103541612317232
2023-08-29,86650.54,5.109440655409724
2023-08-30,73146.83,5.083446339026735
2023-08-31,72431.77,5.081916459828231
2023-09-01,89076.99,5.1136093131972284
2023-09-02,113601.74,5.149503790026697
2023-09-03,145253.89,5.18433635867302
2023-09-04,132363.62,5.171333178505945
2023-09-05,80445.69,5.098130201996708
2023-09-06,70775.56,5.0783042987014415
2023-09-07,70495.43,5.077683598449307
2023-09-08,76057.98,5.089499528342692
2023-09-09,110052.35,5.144900638816391
2023-09-10,130605.2,5.169445287199302
2023-09-11,74701.07,5.0867123306588535
2023-09-12,80962.83,5.09911114765565
2023-09-13,70860.12,5.078491100455884
2023-09-14,66436.6,5.068353601766032
2023-09-15,80897.98,5.098988537107067
2023-09-16,107933.14,5.142068934073392
2023-09-17,131846.61,5.170781150999125
2023-09-18,83013.43,5.102930162844269
2023-09-19,78491.88,5.094356586180883
2023-09-20,70585.35,5.077883152379586
2023-09-21,67600.2,5.071094923767497
2023-09-22,79829.37,5.0969514762102595
2023-09-23,103693.96,5.136204801900737
2023-09-24,136773.95,5.17594235787457
2023-09-25,82413.17,5.101823732624682
2023-09-26,89440.75,5.114222831790775
2023-09-27,72780.73,5.08266525343543
2023-09-28,71567.45,5.080043555012755
2023-09-29,78975.87,5.095301497429343
2023-09-30,105583.98,5.1388531978556315
2023-10-01,131801.5,5.170732865967783
2023-10-02,71790.91,5.080530291248378
2023-10-03,78602.12,5.094572408148689
2023-10-04,67704.24,5.071337347967068
2023-10-05,68732.23,5.0737095699000365
2023-10-06,75777.48,5.088928138717778
2023-10-07,100741.09,5.1319523328361445
2023-10-08,137814.49,5.177004568053235
2023-10-09,75048.37,5.087431300378339
2023-10-10,82003.2,5.101062639826283
2023-10-11,68394.49,5.072934779911784
2023-10-12,77847.63,5.093088198423516
2023-10-13,77114.77,5.091630390587934
2023-10-14,114667.54,5.150853346535649
2023-10-15,136732.28,5.175899623981191
2023-10-16,84737.28,5.106056497979818
2023-10-17,84162.16,5.105021781934645
2023-10-18,69117.77,5.074588606750383
2023-10-19,70547.83,5.077799922610061
2023-10-20,77052.16,5.09150509802785
2023-10-21,104654.01,5.137557045068829
2023-10-22,132977.56,5.171985444631003
2023-10-23,79367.36,5.096060890887582
2023-10-24,75755.87,5.088884015995835
2023-10-25,71458.24,5.079805030771174
2023-10-26,71756.59,5.080455651011935
2023-10-27,72880.88,5.082879381008184
2023-10-28,103148.08,5.135429395660129
2023-10-29,135851.69,5.174992983326445
2023-10-30,82267.71,5.101554198326261
2023-10-31,80501.52,5.0982364576547985
2023-11-01,73284.02,5.083737864646764
2023-11-02,72028.86,5.081046650866853
2023-11-03,80703.92,5.098620946125026
2023-11-04,104727.0,5.1376592603036295
2023-11-05,137734.02,5.176922756344089
2023-11-06,81135.66,5.099437355237251
2023-11-07,81330.55,5.099804229283
2023-11-08,69756.89,5.076033287919142
2023-11-09,64235.28,5.063010989219494
2023-11-10,84222.03,5.1051298798151095
2023-11-11,112087.33,5.14756057851316
2023-11-12,133595.16,5.172638065697571
2023-11-13,81306.67,5.099759331105668
2023-11-14,84379.15,5.105413141168424
2023-11-15,75523.95,5.088409561921821
2023-11-16,73615.37,5.084439358951193
2023-11-17,77620.32,5.092637750485577
2023-11-18,102594.13,5.134637618909534
2023-11-19,142227.88,5.181408154032282
2023-11-20,80932.27,5.099053382771558
2023-11-21,104141.66,5.13683720197647
2023-11-22,122003.76,5.159762855632983
2023-11-23,133911.96,5.172971466149426
2023-11-24,88692.4,5.112957477238233
2023-11-25,83346.59,5.103540242134506
2023-11-26,115642.15,5.152074692799677
2023-11-27,79509.36,5.096335256793477
2023-11-28,77398.97,5.09219763243236
2023-11-29,66769.48,5.06914351592048
2023-11-30,68822.21,5.07391523910555
2023-12-01,99484.04,5.130097707075539
2023-12-02,101823.72,5.133528122742983
2023-12-03,138445.92,5.177644598882892
2023-12-04,76504.87,5.090404803732643
2023-12-05,82349.77,5.101706322025394
2023-12-06,67703.14,5.071334787123475
2023-12-07,68012.41,5.072052875411597
2023-12-08,74204.57,5.08567769411495
2023-12-09,101086.87,5.132457760494222
2023-12-10,141548.78,5.180741017062814
2023-12-11,81969.77,5.10100038279846
2023-12-12,82026.58,5.101106163052585
2023-12-13,72402.57,5.081853612206276
2023-12-14,84088.48,5.10488862635329
2023-12-15,77666.44,5.09272926828147
2023-12-16,113787.71,5.149740333043201
2023-12-17,150615.72,5.189354225966388
2023-12-18,83801.75,5.104369145689312
2023-12-19,90138.27,5.1153911728514485
2023-12-20,90102.49,5.115331498486415
2023-12-21,81319.59,5.099783624658245
2023-12-22,119335.58,5.156596558815422
2023-12-23,152343.05,5.190926528315025
2023-12-24,166142.39,5.202785446304712
2023-12-25,128840.27,5.167520364077348
2023-12-26,101710.32,5.133363984890979
2023-12-27,88146.18,5.1120260101930235
2023-12-28,89595.82,5.114483489292367
2023-12-29,105009.74,5.138054426830537
2023-12-30,128499.11,5.167144731107831
2023-12-31,152216.7,5.190812224457193
2024-01-01,118011.54,5.154994537080141
2024-01-02,88370.8,5.112409866529303
2024-01-03,77543.99,5.092486146351108
2024-01-04,77086.08,5.091572992068529
2024-01-05,81376.74,5.099891030181063
2024-01-06,110158.34,5.1450405905073815
2024-01-07,140380.24,5.179584278877721
2024-01-08,83054.3,5.103005157085868
2024-01-09,94959.99,5.12318957821331
2024-01-10,86413.12,5.109025468606996
2024-01-11,99012.54,5.12939500651883
2024-01-12,121278.08,5.158909753459265
2024-01-13,157973.4,5.195910758388679
2024-01-14,132577.33,5.171560629238535
2024-01-15,51452.92,5.027073067447329
2024-01-16,70658.4,5.078045049644265
2024-01-17,76411.51,5.090216192639714
2024-01-18,75318.27,5.087987365049679
2024-01-19,82530.49,5.102040720261467
2024-01-20,122233.83,5.160032088923783
2024-01-21,171410.33,5.207012930775486
2024-01-22,79880.14,5.0970489754377875
2024-01-23,84621.67,5.10584915939007
2024-01-24,81509.26,5.100139745108778
2024-01-25,73797.81,5.084824029018805
2024-01-26,87205.11,5.110405309979743
2024-01-27,127636.5,5.166189746507309
2024-01-28,171062.68,5.206738640499037
2024-01-29,101294.76,5.1327606644907275
2024-01-30,97091.26,5.126490731846079
2024-01-31,81054.99,5.099285195774115
2024-02-01,90749.46,5.116406278426765
2024-02-02,93994.9,5.121666195991515
2024-02-03,142850.43,5.182016481882103
2024-02-04,210824.79,5.2344949541405255
2024-02-05,129375.48,5.168107324136406
2024-02-06,136027.6,5.175174644057361
2024-02-07,137797.99,5.176987797482756
2024-02-08,159191.27,5.196961634261633
2024-02-09,123239.8,5.161202397003907
2024-02-10,79809.32,5.096912952066879
2024-02-11,102304.91,5.134222244952746
2024-02-12,69529.56,5.075521201192301
2024-02-13,62212.0,5.057908702701572
2024-02-14,57343.58,5.044794675127784
2024-02-15,65221.71,5.0654310482723774
2024-02-16,77206.72,5.091814182280447
2024-02-17,107338.53,5.1412627490224345
2024-02-18,136589.2,5.175752775268363
2024-02-19,80674.02,5.098564217521483
2024-02-20,76175.88,5.0897389622693705
2024-02-21,65480.03,5.066057751080853
2024-02-22,67290.72,5.070371222702615
2024-02-23,75393.53,5.0881420061480185
2024-02-24,96025.64,5.124850858315918
2024-02-25,121914.55,5.159658300673493
2024-02-26,75029.12,5.087391551272864
2024-02-27,70760.88,5.0782718425563145
2024-02-28,69269.18,5.0749322613573025
2024-02-29,61072.53,5.0549492678383485
2024-03-01,77523.18,5.09244478402329
2024-03-02,102234.8,5.134121347668942
2024-03-03,131535.79,5.170448062569029
2024-03-04,78148.4,5.093681866328659
2024-03-05,76573.4,5.090543081137309
2024-03-06,67865.3,5.071711779308799
2024-03-07,59926.62,5.051907449522565
2024-03-08,82476.79,5.101941444814607
2024-03-09,114092.66,5.15012723765061
2024-03-10,132649.01,5.17163682225338
2024-03-11,85284.06,5.107032660851854
2024-03-12,84203.18,5.105095854990351
2024-03-13,76923.42,5.091247095387021
2024-03-14,73523.75,5.084245760976336
2024-03-15,77487.31,5.09237345776856
2024-03-16,100231.07,5.131203130797797
2024-03-17,139003.93,5.178207382798946
2024-03-18,93147.73,5.120313839331682
2024-03-19,87973.9,5.1117308246825655
2024-03-20,78630.66,5.094628224717012
2024-03-21,69449.21,5.075339736490977
2024-03-22,84354.97,5.105369588693716
2024-03-23,109178.56,5.143740843139171
2024-03-24,135891.25,5.175033860492931
2024-03-25,77941.42,5.09327361022532
2024-03-26,78924.72,5.095201954960283
2024-03-27,68098.79,5.072252759452428
2024-03-28,67692.45,5.071309897852685
2024-03-29,94849.66,5.123016339786817
2024-03-30,119074.44,5.15628223857097
2024-03-31,166120.14,5.202767260753899
2024-04-01,95106.86,5.123419827333933
2024-04-02,77906.57,5.093204746264237
2024-04-03,73413.61,5.084012656542188
2024-04-04,68336.37,5.072801000239598
2024-04-05,76015.62,5.089413397012627
2024-04-06,108114.87,5.1423142946665426
2024-04-07,140164.52,5.17936950989436
2024-04-08,73874.54,5.08498548112261
2024-04-09,81730.64,5.1005541834204555
2024-04-10,71600.21,5.080115022986013
2024-04-11,75266.86,5.087881626313143
2024-04-12,72564.66,5.082202108357179
2024-04-13,106706.7,5.140400373414853
2024-04-14,136996.15,5.176169974917558
2024-04-15,75145.2,5.0876310633878346
2024-04-16,78085.52,5.093557972627369
2024-04-17,68144.44,5.072358274558289
2024-04-18,67616.26,5.071132373651036
2024-04-19,79302.39,5.0959351678934945
2024-04-20,89794.35,5.114816431950609
2024-04-21,164300.36,5.2012702107523845
2024-04-22,85570.44,5.107541025500832
2024-04-23,81575.99,5.100264806237444
2024-04-24,74461.0,5.0862130629060305
2024-04-25,73120.8,5.08339095390697
2024-04-26,74072.48,5.08540107703203
2024-04-27,104481.55,5.137315201371624
2024-04-28,125502.64,5.163794676029433
2024-04-29,85835.74,5.108010203046768
2024-04-30,76064.88,5.089513552935501
2024-05-01,73695.67,5.084608806257955
2024-05-02,68751.08,5.073752681735009
2024-05-03,80895.55,5.098983940528894
2024-05-04,108528.64,5.14287115174441
2024-05-05,145110.96,5.184199654852536
2024-05-06,87452.9,5.110834022211927
2024-05-07,87613.13,5.111110489665938
2024-05-08,73274.61,5.083717888947154
2024-05-09,63165.45,5.060336841662143
2024-05-10,74699.53,5.086709133923654
2024-05-11,109044.32,5.143561705234338
2024-05-12,129217.33,5.167934177592072
2024-05-13,88002.63,5.111780097633792
2024-05-14,84115.94,5.1049382683683175
2024-05-15,76854.75,5.091109270606073
2024-05-16,67604.17,5.071104182269359
2024-05-17,84836.21,5.106233660395186
2024-05-18,105668.02,5.1389696729359695
2024-05-19,140177.53,5.179382473457845
2024-05-20,85370.68,5.107186633234503
2024-05-21,84137.48,5.1049771950207194
2024-05-22,71504.38,5.079905856411856
2024-05-23,75465.96,5.0882906623924224
2024-05-24,82956.82,5.102826215402983
2024-05-25,106555.42,5.140193009835021
2024-05-26,141894.26,5.181080876354752
2024-05-27,121536.27,5.159213959609832
2024-05-28,116686.11,5.1533697020664615
2024-05-29,84223.18,5.105131955312762
2024-05-30,71829.69,5.080614581180618
2024-05-31,94378.91,5.122274526212417
2024-06-01,115209.56,5.15153407377108
2024-06-02,132220.35,5.171180456887642
2024-06-03,85342.87,5.107137219110187
2024-06-04,92813.47,5.119776301326365
2024-06-05,80890.01,5.098973460485296
2024-06-06,68213.01,5.07251661200582
2024-06-07,79535.0,5.096384736326496
2024-06-08,107808.08,5.1418998058082925
2024-06-09,133100.6,5.172115743191318
2024-06-10,79545.06,5.096404144822557
2024-06-11,89665.59,5.1146005942975865
2024-06-12,71838.54,5.080633809584398
2024-06-13,69452.8,5.075347849471862
2024-06-14,82100.21,5.101243135111239
2024-06-15,106136.37,5.139616809368034
2024-06-16,132806.65,5.171804218592299
2024-06-17,82871.24,5.102668916021154
2024-06-18,83172.18,5.103221219687556
2024-06-19,74936.28,5.0871996798873775
2024-06-20,62173.82,5.057810568053313
2024-06-21,73202.04,5.083563735619644
2024-06-22,103043.58,5.135280410820602
2024-06-23,131411.41,5.170314514249259
2024-06-24,76764.65,5.090928216564317
2024-06-25,82848.28,5.102626682415684
2024-06-26,72548.23,5.0821668249511625
2024-06-27,77048.83,5.091498430843861
2024-06-28,73180.63,5.083518222412348
2024-06-29,103243.76,5.13556565162274
2024-06-30,134214.49,5.173288991423392
2024-07-01,74011.79,5.085273789771405
2024-07-02,74443.28,5.0861761366842355
2024-07-03,88034.52,5.111834768133634
2024-07-04,131022.37,5.169895843806383
2024-07-05,78005.69,5.093400514294392
2024-07-06,96154.15,5.125049743718913
2024-07-07,130848.28,5.169708024850517
2024-07-08,74137.8,5.085537939140004
2024-07-09,81362.64,5.099864539356052
2024-07-10,66588.29,5.0687141285814095
2024-07-11,70891.11,5.0785594954794
2024-07-12,71109.32,5.079040100679686
2024-07-13,99597.46,5.130266163326681
2024-07-14,131559.39,5.170473385554834
2024-07-15,81534.38,5.100186837425594
2024-07-16,80690.05,5.0985946339312935
2024-07-17,72996.0,5.08312509198269
2024-07-18,65250.12,5.065500114503933
2024-07-19,78176.69,5.093737568763096
2024-07-20,115667.79,5.152106661720932
2024-07-21,135898.07,5.175040906165283
2024-07-22,80654.45,5.098527074519933
2024-07-23,84081.15,5.104875372028873
2024-07-24,70364.19,5.077391812208768
2024-07-25,71353.17,5.0795751470888
2024-07-26,74698.57,5.086707141114775
2024-07-27,103746.62,5.136279352020983
2024-07-28,140466.4,5.179669951506787
2024-07-29,76933.58,5.091267474927793
2024-07-30,80778.62,5.098762565734187
2024-07-31,72391.06,5.081828830929196
2024-08-01,69343.96,5.075101666202876
2024-08-02,83157.41,5.103194167285313
2024-08-03,104777.64,5.137730127787658
2024-08-04,144151.9,5.183278292058267
2024-08-05,86983.3,5.110020340213599
2024-08-06,86283.71,5.108798603123943
2024-08-07,77324.91,5.0920500485156905
2024-08-08,75894.96,5.089167749821249
2024-08-09,81994.25,5.101045975052074
2024-08-10,104562.97,5.137429436033297
2024-08-11,144811.53,5.18391275862311
2024-08-12,86754.14,5.109621409767442
2024-08-13,80697.21,5.098608217524713
2024-08-14,74835.84,5.086991789253118
2024-08-15,72493.52,5.082049268081852
2024-08-16,81083.76,5.09933948189561
2024-08-17,116135.04,5.152687803392836
2024-08-18,137519.75,5.176704641649652
2024-08-19,80804.37,5.098811348347285
2024-08-20,86661.97,5.109460610074837
2024-08-21,71484.59,5.079862620378358
2024-08-22,69425.5,5.07528614237542
2024-08-23,75330.63,5.088012774223471
2024-08-24,108224.8,5.142462482012172
2024-08-25,137710.26,5.176898589525157
2024-08-26,81553.67,5.10022298879257
2024-08-27,79983.2,5.097246670877687
2024-08-28,69296.52,5.0749942214683115
2024-08-29,72843.71,5.082799949061429
2024-08-30,83948.78,5.104635784516974
2024-08-31,112716.39,5.148371450802741
2024-09-01,146865.72,5.185867201833929
2024-09-02,145424.22,5.184499064217264
2024-09-03,84232.06,5.105147980651495
2024-09-04,71583.51,5.0800785956651975
2024-09-05,75882.4,5.089142153218646
2024-09-06,71683.51,5.080296575492283
2024-09-07,109137.71,5.143686357649341
2024-09-08,138026.11,5.177219450883355
2024-09-09,81950.97,5.100965358359278
2024-09-10,81120.4,5.099408585413493
2024-09-11,74401.45,5.086088927623921
2024-09-12,70653.59,5.078034395472328
2024-09-13,79798.44,5.096892042471061
2024-09-14,106600.82,5.140255276876414
2024-09-15,146902.93,5.185902310533847
2024-09-16,85761.83,5.1078796648511124
2024-09-17,92586.9,5.1194106589806
2024-09-18,72484.8,5.08203052162141
2024-09-19,64543.9,5.063772774788138
2024-09-20,72825.02,5.08275999084413
2024-09-21,103580.01,5.136043333039584
2024-09-22,128055.86,5.1666549515984554
2024-09-23,73369.42,5.083919016506449
2024-09-24,85402.95,5.107243948575625
2024-09-25,66820.91,5.069265148132641
2024-09-26,67539.06,5.070952258050364
2024-09-27,71206.85,5.07925435366509
2024-09-28,98811.4,5.129094048959434
2024-09-29,133581.67,5.172623848356474
2024-09-30,84551.21,5.105722632149953
2024-10-01,82089.33,5.1012229043392185
2024-10-02,83613.04,5.104026119684715
2024-10-03,74405.91,5.086098228754715
2024-10-04,74498.91,5.086292028114073
2024-10-05,110685.87,5.145734825601021
2024-10-06,140215.99,5.179420787980037
2024-10-07,75548.48,5.088459824857329
2024-10-08,81033.6,5.099244820411911
2024-10-09,75629.36,5.088625416438369
2024-10-10,79307.85,5.095945738123492
2024-10-11,81213.65,5.099584292065287
2024-10-12,111758.18,5.147134179232417
2024-10-13,142743.07,5.181911795371586
2024-10-14,80065.23,5.097403813207163
2024-10-15,82914.63,5.1027486921964345
2024-10-16,73150.99,5.0834551883026755
2024-10-17,67009.08,5.069709242539733
2024-10-18,77543.92,5.092486007239555
2024-10-19,104041.18,5.1366955449003875
2024-10-20,133705.81,5.172754618475688
2024-10-21,83861.58,5.10447771314052
2024-10-22,77022.3,5.091445301603968
2024-10-23,69306.98,5.075017919224216
2024-10-24,65661.63,5.0664966023728715
2024-10-25,75793.39,5.088960613954748
2024-10-26,96902.65,5.126202014663347
2024-10-27,135437.75,5.1745644267249995
2024-10-28,71703.7,5.0803405425958506
2024-10-29,85153.21,5.106799720776056
2024-10-30,67536.63,5.070946584711689
2024-10-31,70099.23,5.076800787194938
2024-11-01,72696.7,5.0824853262702545
2024-11-02,112757.8,5.1484246439906896
2024-11-03,143318.48,5.1824718069954905
2024-11-04,73458.56,5.084107839633738
2024-11-05,86086.95,5.1084529066618725
2024-11-06,71918.71,5.080807869272967
2024-11-07,70849.2,5.078466991671581
2024-11-08,74842.66,5.087005915577513
2024-11-09,112288.86,5.14782093167615
2024-11-10,144688.59,5.18379476435614
2024-11-11,77842.02,5.09307709985767
2024-11-12,80450.15,5.098138693428788
2024-11-13,74315.19,5.085908908249525
2024-11-14,70556.99,5.077820246793186
2024-11-15,77371.36,5.092142631547085
2024-11-16,106561.04,5.140200719459176
2024-11-17,140905.78,5.180105895129057
2024-11-18,84196.19,5.105083235569621
2024-11-19,79394.58,5.096113528451557
2024-11-20,75956.67,5.089293439757703
2024-11-21,78949.67,5.095250519283873
2024-11-22,74231.7,5.085734437494036
2024-11-23,105427.54,5.138636091926534
2024-11-24,147099.58,5.186087683377325
2024-11-25,93026.87,5.120119739116263
2024-11-26,101955.42,5.133718481120459
2024-11-27,127990.7,5.166582784873809
2024-11-28,144711.52,5.183816780776178
2024-11-29,89458.87,5.114253316919466
2024-11-30,97068.0,5.126455161672598
2024-12-01,104979.2,5.138011802948591
2024-12-02,72468.29,5.081995020832015
2024-12-03,87330.71,5.110622793266844
2024-12-04,68545.8,5.07328244192011
2024-12-05,76448.49,5.090290933827202
2024-12-06,75750.16,5.088872355018598
2024-12-07,98209.19,5.128188697775632
2024-12-08,156845.99,5.194929483312855
2024-12-09,85184.16,5.106854855850449
2024-12-10,81147.81,5.099460257236722
2024-12-11,77653.94,5.092704470283557
2024-12-12,69132.65,5.074622418699758
2024-12-13,74535.61,5.086368428309151
2024-12-14,111413.26,5.1466857763903056
2024-12-15,142698.09,5.181867908172726
2024-12-16,81476.56,5.100078417249463
2024-12-17,85253.22,5.106977796825977
2024-12-18,77482.32,5.0923635322754865
2024-12-19,75919.66,5.0892180726833605
2024-12-20,94678.44,5.122747027010202
2024-12-21,122515.43,5.16036082066836
2024-12-22,176089.36,5.21064268955461
2024-12-23,129469.55,5.168210197281967
2024-12-24,147076.9,5.186066318738897
2024-12-25,145361.94,5.184439597832033
2024-12-26,83045.56,5.102989123276014
2024-12-27,95781.7,5.124472475282043
2024-12-28,93063.02,5.120177826543337
2024-12-29,154448.66,5.192815277550827
2024-12-30,109069.63,5.143595500081317
2024-12-31,134850.79,5.173954115107082
2025-01-01,123043.93,5.160975404462827
2025-01-02,104379.69,5.137172142531242
2025-01-03,83206.22,5.103283545264251
2025-01-04,116833.69,5.1535516814544895
2025-01-05,160155.95,5.197787405359148
2025-01-06,103518.7,5.1359563701174515
2025-01-07,108782.54,5.143211629433618
2025-01-08,157164.88,5.195207870938624
2025-01-09,41035.07,4.989040237264009
2025-01-10,50415.88,5.023708440225415
2025-01-11,111384.76,5.146648653438481
2025-01-12,152467.52,5.191039023369189
2025-01-13,95227.23,5.123608223277725
2025-01-14,87336.55,5.110632896671755
2025-01-15,83419.94,5.103674177991213
2025-01-16,85445.28,5.107319093388846
2025-01-17,95010.04,5.123268088563335
2025-01-18,150260.9,5.189028647449048
2025-01-19,193655.02,5.223329225535627
2025-01-20,118567.1,5.155669276327326
2025-01-21,119033.63,5.156233045136146
2025-01-22,111050.23,5.146212078314935
2025-01-23,100113.38,5.131029616827991
2025-01-24,117099.92,5.153879289995621
2025-01-25,158746.19,5.196578673942468
2025-01-26,228869.54,5.245140694106776
2025-01-27,156912.87,5.194987923515512
2025-01-28,120758.23,5.158294955229773
2025-01-29,48492.95,5.01725058360267
2025-01-30,64409.03,5.063440390598816
2025-01-31,72779.8,5.08266326342177
2025-02-01,92434.51,5.119164142126857
2025-02-02,104145.95,5.136843246486369
2025-02-03,68250.55,5.072603218365658
2025-02-04,78865.73,5.0950870617014345
2025-02-05,66735.24,5.069062477550597
2025-02-06,66434.17,5.068347818492399
2025-02-07,68011.41,5.072050559670146
2025-02-08,126947.25,5.1654212611334955
2025-02-09,137600.19,5.1767865714342705
2025-02-10,76351.35,5.09009451161326
2025-02-11,74258.5,5.0857904669273735
2025-02-12,69264.73,5.07492217371019
2025-02-13,60651.2,5.0538386432086035
2025-02-14,98353.82,5.128406721345994
2025-02-15,122718.97,5.160597879310765
2025-02-16,145037.61,5.184129439075766
2025-02-17,90614.45,5.116182732115075
2025-02-18,93487.03,5.1208571867746615
2025-02-19,62698.54,5.059153148148
2025-02-20,61432.26,5.05589046742609
2025-02-21,73198.9,5.083557061604096
2025-02-22,108810.9,5.143249602404022
2025-02-23,134867.7,5.173971741161047
2025-02-24,79370.93,5.096067795691004
2025-02-25,78872.0,5.095099278373109
2025-02-26,68160.96,5.072396438466359
2025-02-27,64764.85,5.064315554818051
2025-02-28,79062.07,5.095469080344699
2025-03-01,109733.76,5.1444790169578765
2025-03-02,144892.81,5.18399070469796
2025-03-03,84119.6,5.104944883465994
2025-03-04,84682.55,5.105958384629843
2025-03-05,79793.4,5.096882355281573
2025-03-06,70779.5,5.078313008346986
2025-03-07,81336.18,5.099814812334198
2025-03-08,114811.94,5.151035065730723
2025-03-09,153207.52,5.191705626335601
2025-03-10,86420.31,5.109038061599756
2025-03-11,90376.73,5.1157881754579915
2025-03-12,75720.45,5.088811664631308
2025-03-13,77781.45,5.092957211524647
2025-03-14,80676.84,5.098569568891683
2025-03-15,114617.09,5.150789795166487
2025-03-16,137730.47,5.176919145869882
2025-03-17,89516.08,5.114349519916673
2025-03-18,83559.47,5.103928578731205
2025-03-19,79404.69,5.096133073634853
2025-03-20,72501.95,5.082067388593873
2025-03-21,83495.69,5.103812352140442
2025-03-22,109166.47,5.143724720045288
2025-03-23,144519.8,5.18363257399824
2025-03-24,87104.95,5.110231615498238
2025-03-25,86771.34,5.109651394813967
2025-03-26,75496.43,5.088353149694563
